Key,Mapping,Note,Physical Location
NUM (Layer 1),"DOUBLE-TAP Fn","Layer 1: redundant number/symbol pad. Intended for future 40% compatibility. Exact layout mirrors physical number row and includes shifted symbols. Toggle off with double-tap Fn or Esc.","Left thumb Fn key (double-tap)"
NAV (Layer 2),"HOLD Fn; TOGGLE Fn+Ctrl","Layer 2: navigation and secondary functions. WASD arrows, HJKL alternative, Home/End on Backspace/Enter, Page Up/Down on Shift+W/S, F1–F12 on top row, volume on -/=.","Left thumb Fn key (hold) or R4C12 Fn"
SYS (Layer 3),"HOLD Fn+Super","Layer 3: system and media controls. Power, sleep, wake, brightness on -/=.","Fn+Super"
MOUSE (Layer 4),TOGGLE SYS+M,"Layer 3: mouse controls; experimental. WASD mouse movement, IJKL navigation.","SYS layer + M"
0,"0",Physical number row.,"R1C1"
1,"1",Physical number row.,"R1C2"
2,"2",Physical number row.,"R1C3"
3,"3",Physical number row.,"R1C4"
4,"4",Physical number row.,"R1C5"
5,"5",Physical number row.,"R1C6"
6,"6",Physical number row.,"R1C7"
7,"7",Physical number row.,"R1C8"
8,"8",Physical number row.,"R1C9"
9,"9",Physical number row.,"R1C10"
-,"-","Physical key. On NAV layer: Volume Down. On SYS layer: Brightness Down.","R1C11"
_,SHIFT+-,"Shifted variant of -.",R1C11
=,"=","Physical key. On NAV layer: Volume Up. On SYS layer: Brightness Up.","R1C12"
+,SHIFT+=,"Shifted variant of =.",R1C12
`,"`","Physical key.","R2C1"
~,SHIFT+`,"Shifted variant of `.",R2C1
Q,"Q",,R2C2
W,"W",,R2C3
E,"E",,R2C4
R,"R",,R2C5
T,"T",,R2C6
Y,"Y",,R2C7
U,"U",,R2C8
I,"I",,R2C9
O,"O",,R2C10
P,"P",,R2C11
[,"[","Physical key. On NAV layer: ] (closing bracket).",R2C12
{,"SHIFT+[","Shifted variant of [.",R2C12
Esc,"ESC","Dedicated physical Escape key. No longer on Fn tap.","R3C1"
A,"A",,R3C2
S,"S",,R3C3
D,"D",,R3C4
F,"F",,R3C5
G,"G",,R3C6
H,"H",,R3C7
J,"J",,R3C8
K,"K",,R3C9
L,"L",,R3C10
;,";",,R3C11
:,SHIFT+;,"Shifted variant of ;.",R3C11
',"'","Physical key. Shift produces double quote.",R3C12
""",SHIFT+',"Shifted variant of '.",R3C12
Shift,"TAP: One-shot Shift; HOLD: Shift; DOUBLE-TAP: Toggle Caps Lock; TAP again: Disable Caps Lock","Stateful Shift replaces Caps Lock and duplicate Shift.","R4C1"
Z,"Z",,R4C2
X,"X",,R4C3
C,"C",,R4C4
V,"V",,R4C5
B,"B",,R4C6
N,"N",,R4C7
M,"M",,R4C8
,,",","Physical key.",R4C9
<,"SHIFT+,","Shifted variant of ,.",R4C9
.,".","Physical key.",R4C10
>,"SHIFT+.","Shifted variant of .",R4C10
/,"/","Physical key. On NAV layer: backslash.","R4C11"
?,"SHIFT+/","Shifted variant of /.",R4C11
Ctrl,"CTRL","Left thumb cluster, leftmost.","Left thumb, leftmost"
Super,"SUPER","Left thumb cluster, middle.","Left thumb, middle"
Fn,"HOLD: NAV; DOUBLE-TAP: NUM; Fn+Ctrl: Toggle NAV; Fn+Super: SYS","Left thumb cluster, rightmost.","Left thumb, rightmost"
Fn (redundant),"HOLD: NAV; DOUBLE-TAP: NUM; Fn+Ctrl: Toggle NAV; Fn+Super: SYS","Redundant Fn for right‑hand one‑handed layer access.","R4C12"
Space,"TAP: Space; SHIFT: Tab","Right thumb cluster, leftmost (1.75u). On NAV layer: transparent (remains Space).","Right thumb, leftmost"
Backspace,"TAP: Backspace; SHIFT: Delete (forward)","Right thumb cluster, middle. On NAV layer: Home.","Right thumb, middle"
Enter,"ENTER","Right thumb cluster, rightmost. Keycap legend: End. On NAV layer: End.","Right thumb, rightmost"
Left Alt,"Not on base layer.","Available via layer if needed later.","—"
Right Alt,"Not used.",,"—"
Right Shift,"Not used.",,"—"
Right Ctrl,"Not used.",,"—"
Caps Lock,"Integrated into Shift double-tap.","No dedicated key.","—"
Tab,"SHIFT+SPACE","Generated by Shift+Space.","Right thumb, leftmost + Shift"
Delete (forward),"SHIFT+BACKSPACE","Generated by Shift+Backspace.","Right thumb, middle + Shift"
Home,"NAV+Backspace","On NAV layer.","NAV layer"
End,"NAV+Enter","On NAV layer.","NAV layer"
Page Up,"NAV+SHIFT+W","On NAV layer.","NAV layer"
Page Down,"NAV+SHIFT+S","On NAV layer.","NAV layer"
Up,"NAV+W","WASD navigation.","NAV layer"
Down,"NAV+S","WASD navigation.","NAV layer"
Left,"NAV+A","WASD navigation.","NAV layer"
Right,"NAV+D","WASD navigation.","NAV layer"
F1,"NAV+1","Top row function key.","NAV layer"
F2,"NAV+2","Top row function key.","NAV layer"
F3,"NAV+3","Top row function key.","NAV layer"
F4,"NAV+4","Top row function key.","NAV layer"
F5,"NAV+5","Top row function key.","NAV layer"
F6,"NAV+6","Top row function key.","NAV layer"
F7,"NAV+7","Top row function key.","NAV layer"
F8,"NAV+8","Top row function key.","NAV layer"
F9,"NAV+9","Top row function key.","NAV layer"
F10,"NAV+0","Top row function key.","NAV layer"
F11,"NAV+-","Top row function key.","NAV layer"
F12,"NAV+=","Top row function key.","NAV layer"
\,"NAV+/","Unix path separator.","NAV layer"
|,"NAV+I","Visual mnemonic.","NAV layer"
],"NAV+[","Closing bracket.","NAV layer"
},"NAV+SHIFT+[","Closing brace.","NAV layer"
XF86AudioMute,"NAV+0","Mute.","NAV layer"
XF86AudioLowerVolume,"NAV+-","Volume down.","NAV layer"
XF86AudioRaiseVolume,"NAV+=","Volume up.","NAV layer"
XF86MonBrightnessDown,"SYS+-","Brightness down (host-dependent).","SYS layer"
XF86MonBrightnessUp,"SYS+=","Brightness up (host-dependent).","SYS layer"
XF86PowerOff,"SYS+HOLD+P","Power off (hold).","SYS layer"
XF86Sleep,"SYS+HOLD+S","Sleep (hold).","SYS layer"
XF86WakeUp,"SYS+W","Wake.","SYS layer"
XF86Back,"NAV+B","Browser/application back.","NAV layer"
XF86Forward,"NAV+F","Browser/application forward.","NAV layer"
XF86Reload,"NAV+R","Browser/application reload.","NAV layer"
Print Screen,"Unused",,"—"
Scroll Lock,"Unused",,"—"
Pause,"Unused",,"—"
Break,"Unused",,"—"
Insert,"Unused",,"—"
Menu,"Unused",,"—"
Num Lock,"Unused",,"—"
NumPad Divide,"Unused",,"—"
NumPad Multiply,"Unused",,"—"
NumPad Subtract,"Unused",,"—"
NumPad Add,"Unused",,"—"
NumPad Decimal,"Unused",,"—"
NumPad Enter,"Unused",,"—"
NumPad 0,"NUM layer mirrors top row","Redundant number pad on NUM layer.","NUM layer"
NumPad 1,"NUM layer mirrors top row","Redundant number pad on NUM layer.","NUM layer"
NumPad 2,"NUM layer mirrors top row","Redundant number pad on NUM layer.","NUM layer"
NumPad 3,"NUM layer mirrors top row","Redundant number pad on NUM layer.","NUM layer"
NumPad 4,"NUM layer mirrors top row","Redundant number pad on NUM layer.","NUM layer"
NumPad 5,"NUM layer mirrors top row","Redundant number pad on NUM layer.","NUM layer"
NumPad 6,"NUM layer mirrors top row","Redundant number pad on NUM layer.","NUM layer"
NumPad 7,"NUM layer mirrors top row","Redundant number pad on NUM layer.","NUM layer"
NumPad 8,"NUM layer mirrors top row","Redundant number pad on NUM layer.","NUM layer"
NumPad 9,"NUM layer mirrors top row","Redundant number pad on NUM layer.","NUM layer"
XF86AudioPlay,"Unused",,"—"
XF86AudioPause,"Unused",,"—"
XF86AudioStop,"Unused",,"—"
XF86AudioPrev,"Unused",,"—"
XF86AudioNext,"Unused",,"—"
XF86AudioMedia,"Unused",,"—"
XF86AudioMicMute,"Not assigned",,"—"
XF86HomePage,"Unused",,"—"
XF86Mail,"Unused",,"—"
XF86Search,"Unused",,"—"
XF86Calculator,"Unused",,"—"
XF86WWW,"Unused",,"—"
XF86Stop,"Unused",,"—"
XF86Favorites,"Unused",,"—"
XF86Copy,"Unused",,"—"
XF86Cut,"Unused",,"—"
XF86Paste,"Unused",,"—"
